filename,basename,toolid,toolmode,parser_version,runid,start,duration,exit_code,findings,infos,errors,fails
/home/shuo/smartbugs-curated/full/time_manipulation.ether_lotto_sol_EtherLotto.hex,time_manipulation.ether_lotto_sol_EtherLotto.hex,achecker,runtime,2/27/2023,20241112_1802,1731405726,0.7304344177246094,0,Missing-AC-Check,,{},{}
/home/shuo/smartbugs-curated/full/bad_randomness.random_number_generator_sol_RandomNumberGenerator.hex,bad_randomness.random_number_generator_sol_RandomNumberGenerator.hex,achecker,runtime,2/27/2023,20241112_1802,1731405726,0.9282901287078857,0,Missing-AC-Check,,{},{}
/home/shuo/smartbugs-curated/full/unchecked_low_level_calls.0xe4eabdca81e31d9acbc4af76b30f532b6ed7f3bf_sol_Honey.hex,unchecked_low_level_calls.0xe4eabdca81e31d9acbc4af76b30f532b6ed7f3bf_sol_Honey.hex,achecker,runtime,2/27/2023,20241112_1802,1731405726,1.3425064086914062,0,Missing-AC-Check,,{},{}
/home/shuo/smartbugs-curated/full/unchecked_low_level_calls.0xb0510d68f210b7db66e8c7c814f22680f2b8d1d6_sol_Splitter.hex,unchecked_low_level_calls.0xb0510d68f210b7db66e8c7c814f22680f2b8d1d6_sol_Splitter.hex,achecker,runtime,2/27/2023,20241112_1802,1731405726,1.7895355224609375,0,Missing-AC-Check,,{},{}
/home/shuo/smartbugs-curated/full/unchecked_low_level_calls.0xbebbfe5b549f5db6e6c78ca97cac19d1fb03082c_sol_VaultProxy.hex,unchecked_low_level_calls.0xbebbfe5b549f5db6e6c78ca97cac19d1fb03082c_sol_VaultProxy.hex,achecker,runtime,2/27/2023,20241112_1802,1731405726,1.8218395709991455,0,Missing-AC-Check,,{},{}
/home/shuo/smartbugs-curated/full/access_control.parity_wallet_bug_2_sol_WalletEvents.hex,access_control.parity_wallet_bug_2_sol_WalletEvents.hex,achecker,runtime,2/27/2023,20241112_1802,1731405727,0.9208605289459229,0,Missing-AC-Check,,{},{}
/home/shuo/smartbugs-curated/full/reentrancy.0x93c32845fae42c83a70e5f06214c8433665c2ab5_sol_Log.hex,reentrancy.0x93c32845fae42c83a70e5f06214c8433665c2ab5_sol_Log.hex,achecker,runtime,2/27/2023,20241112_1802,1731405726,1.9594478607177734,0,Missing-AC-Check,,{},{}
/home/shuo/smartbugs-curated/full/arithmetic.overflow_simple_add_sol_Overflow_Add.hex,arithmetic.overflow_simple_add_sol_Overflow_Add.hex,achecker,runtime,2/27/2023,20241112_1802,1731405728,0.0961141586303711,0,Missing-AC-Check,,{},{}
/home/shuo/smartbugs-curated/full/reentrancy.0x627fa62ccbb1c1b04ffaecd72a53e37fc0e17839_sol_TokenBank.hex,reentrancy.0x627fa62ccbb1c1b04ffaecd72a53e37fc0e17839_sol_TokenBank.hex,achecker,runtime,2/27/2023,20241112_1802,1731405727,1.1707749366760254,0,Missing-AC-Check,,{},{}
/home/shuo/smartbugs-curated/full/reentrancy.etherstore_sol_EtherStore.hex,reentrancy.etherstore_sol_EtherStore.hex,achecker,runtime,2/27/2023,20241112_1802,1731405728,0.5696003437042236,0,Missing-AC-Check,,{},{}
/home/shuo/smartbugs-curated/full/reentrancy.0xf015c35649c82f5467c9c74b7f28ee67665aad68_sol_Log.hex,reentrancy.0xf015c35649c82f5467c9c74b7f28ee67665aad68_sol_Log.hex,achecker,runtime,2/27/2023,20241112_1802,1731405727,1.5735936164855957,0,Missing-AC-Check,,{},{}
/home/shuo/smartbugs-curated/full/reentrancy.0x627fa62ccbb1c1b04ffaecd72a53e37fc0e17839_sol_Token.hex,reentrancy.0x627fa62ccbb1c1b04ffaecd72a53e37fc0e17839_sol_Token.hex,achecker,runtime,2/27/2023,20241112_1802,1731405727,1.6071770191192627,0,Missing-AC-Check,,{},{}
/home/shuo/smartbugs-curated/full/reentrancy.modifier_reentrancy_sol_attack.hex,reentrancy.modifier_reentrancy_sol_attack.hex,achecker,runtime,2/27/2023,20241112_1802,1731405728,0.9385888576507568,0,Missing-AC-Check,,{},{}
/home/shuo/smartbugs-curated/full/reentrancy.0x4e73b32ed6c35f570686b89848e5f39f20ecc106_sol_PRIVATE_ETH_CELL.hex,reentrancy.0x4e73b32ed6c35f570686b89848e5f39f20ecc106_sol_PRIVATE_ETH_CELL.hex,achecker,runtime,2/27/2023,20241112_1802,1731405728,0.9631669521331787,0,Missing-AC-Check,,{},{}
/home/shuo/smartbugs-curated/full/unchecked_low_level_calls.0x07f7ecb66d788ab01dc93b9b71a88401de7d0f2e_sol_PoCGame.hex,unchecked_low_level_calls.0x07f7ecb66d788ab01dc93b9b71a88401de7d0f2e_sol_PoCGame.hex,achecker,runtime,2/27/2023,20241112_1802,1731405727,1.9774651527404785,0,Missing-AC-Check,,{},{}
/home/shuo/smartbugs-curated/full/unchecked_low_level_calls.0x7a4349a749e59a5736efb7826ee3496a2dfd5489_sol_WhaleGiveaway1.hex,unchecked_low_level_calls.0x7a4349a749e59a5736efb7826ee3496a2dfd5489_sol_WhaleGiveaway1.hex,achecker,runtime,2/27/2023,20241112_1802,1731405728,0.996795654296875,0,Missing-AC-Check,,{},{}
/home/shuo/smartbugs-curated/full/time_manipulation.lottopollo_sol_lottopollo.hex,time_manipulation.lottopollo_sol_lottopollo.hex,achecker,runtime,2/27/2023,20241112_1802,1731405729,0.11222004890441895,0,Missing-AC-Check,,{},{}
/home/shuo/smartbugs-curated/full/reentrancy.0x7b368c4e805c3870b6c49a3f1f49f69af8662cf3_sol_W_WALLET.hex,reentrancy.0x7b368c4e805c3870b6c49a3f1f49f69af8662cf3_sol_W_WALLET.hex,achecker,runtime,2/27/2023,20241112_1802,1731405728,1.1292152404785156,0,Missing-AC-Check,,{},{}
/home/shuo/smartbugs-curated/full/front_running.eth_tx_order_dependence_minimal_sol_EthTxOrderDependenceMinimal.hex,front_running.eth_tx_order_dependence_minimal_sol_EthTxOrderDependenceMinimal.hex,achecker,runtime,2/27/2023,20241112_1802,1731405728,1.137831687927246,0,Missing-AC-Check,,{},{}
/home/shuo/smartbugs-curated/full/access_control.incorrect_constructor_name3_sol_Missing.hex,access_control.incorrect_constructor_name3_sol_Missing.hex,achecker,runtime,2/27/2023,20241112_1802,1731405728,1.2024235725402832,0,Missing-AC-Check,,{},{}
/home/shuo/smartbugs-curated/full/access_control.FibonacciBalance_sol_FibonacciBalance.hex,access_control.FibonacciBalance_sol_FibonacciBalance.hex,achecker,runtime,2/27/2023,20241112_1802,1731405729,0.2119436264038086,0,Missing-AC-Check,,{},{}
/home/shuo/smartbugs-curated/full/front_running.odds_and_evens_sol_OddsAndEvens.hex,front_running.odds_and_evens_sol_OddsAndEvens.hex,achecker,runtime,2/27/2023,20241112_1802,1731405729,0.4958374500274658,0,Missing-AC-Check,,{},{}
/home/shuo/smartbugs-curated/full/arithmetic.integer_overflow_minimal_sol_IntegerOverflowMinimal.hex,arithmetic.integer_overflow_minimal_sol_IntegerOverflowMinimal.hex,achecker,runtime,2/27/2023,20241112_1802,1731405729,0.6331801414489746,0,Missing-AC-Check,,{},{}
/home/shuo/smartbugs-curated/full/time_manipulation.timed_crowdsale_sol_TimedCrowdsale.hex,time_manipulation.timed_crowdsale_sol_TimedCrowdsale.hex,achecker,runtime,2/27/2023,20241112_1802,1731405729,0.647878885269165,0,Missing-AC-Check,,{},{}
/home/shuo/smartbugs-curated/full/unchecked_low_level_calls.0x627fa62ccbb1c1b04ffaecd72a53e37fc0e17839_sol_TokenBank.hex,unchecked_low_level_calls.0x627fa62ccbb1c1b04ffaecd72a53e37fc0e17839_sol_TokenBank.hex,achecker,runtime,2/27/2023,20241112_1802,1731405728,1.6547656059265137,0,Missing-AC-Check,,{},{}
/home/shuo/smartbugs-curated/full/reentrancy.0x8c7777c45481dba411450c228cb692ac3d550344_sol_Log.hex,reentrancy.0x8c7777c45481dba411450c228cb692ac3d550344_sol_Log.hex,achecker,runtime,2/27/2023,20241112_1802,1731405728,1.6733100414276123,0,Missing-AC-Check,,{},{}
/home/shuo/smartbugs-curated/full/unchecked_low_level_calls.0x4a66ad0bca2d700f11e1f2fc2c106f7d3264504c_sol_EBU.hex,unchecked_low_level_calls.0x4a66ad0bca2d700f11e1f2fc2c106f7d3264504c_sol_EBU.hex,achecker,runtime,2/27/2023,20241112_1802,1731405729,0.6993041038513184,0,Missing-AC-Check,,{},{}
/home/shuo/smartbugs-curated/full/bad_randomness.smart_billions_sol_SafeMath.hex,bad_randomness.smart_billions_sol_SafeMath.hex,achecker,runtime,2/27/2023,20241112_1802,1731405729,0.7538952827453613,0,Missing-AC-Check,,{},{}
/home/shuo/smartbugs-curated/full/reentrancy.0xcead721ef5b11f1a7b530171aab69b16c5e66b6e_sol_Log.hex,reentrancy.0xcead721ef5b11f1a7b530171aab69b16c5e66b6e_sol_Log.hex,achecker,runtime,2/27/2023,20241112_1802,1731405728,1.8343868255615234,0,Missing-AC-Check,,{},{}
/home/shuo/smartbugs-curated/full/unchecked_low_level_calls.0xb37f18af15bafb869a065b61fc83cfc44ed9cc27_sol_SimpleWallet.hex,unchecked_low_level_calls.0xb37f18af15bafb869a065b61fc83cfc44ed9cc27_sol_SimpleWallet.hex,achecker,runtime,2/27/2023,20241112_1802,1731405728,1.878401279449463,0,Missing-AC-Check,,{},{}
/home/shuo/smartbugs-curated/full/arithmetic.tokensalechallenge_sol_TokenSaleChallenge.hex,arithmetic.tokensalechallenge_sol_TokenSaleChallenge.hex,achecker,runtime,2/27/2023,20241112_1802,1731405729,0.8982181549072266,0,Missing-AC-Check,,{},{}
/home/shuo/smartbugs-curated/full/arithmetic.overflow_single_tx_sol_IntegerOverflowSingleTransaction.hex,arithmetic.overflow_single_tx_sol_IntegerOverflowSingleTransaction.hex,achecker,runtime,2/27/2023,20241112_1802,1731405729,0.9527525901794434,0,Missing-AC-Check,,{},{}
/home/shuo/smartbugs-curated/full/unchecked_low_level_calls.0x2972d548497286d18e92b5fa1f8f9139e5653fd2_sol_demo.hex,unchecked_low_level_calls.0x2972d548497286d18e92b5fa1f8f9139e5653fd2_sol_demo.hex,achecker,runtime,2/27/2023,20241112_1802,1731405729,0.9752533435821533,0,Missing-AC-Check,,{},{}
/home/shuo/smartbugs-curated/full/access_control.multiowned_vulnerable_sol_TestContract.hex,access_control.multiowned_vulnerable_sol_TestContract.hex,achecker,runtime,2/27/2023,20241112_1802,1731405727,2.989684581756592,0,Missing-AC-Check,,{},{}
/home/shuo/smartbugs-curated/full/unchecked_low_level_calls.0xf70d589d76eebdd7c12cc5eec99f8f6fa4233b9e_sol_WhaleGiveaway2.hex,unchecked_low_level_calls.0xf70d589d76eebdd7c12cc5eec99f8f6fa4233b9e_sol_WhaleGiveaway2.hex,achecker,runtime,2/27/2023,20241112_1802,1731405729,1.0640649795532227,0,Missing-AC-Check,,{},{}
/home/shuo/smartbugs-curated/full/arithmetic.integer_overflow_add_sol_IntegerOverflowAdd.hex,arithmetic.integer_overflow_add_sol_IntegerOverflowAdd.hex,achecker,runtime,2/27/2023,20241112_1802,1731405730,0.07590985298156738,0,Missing-AC-Check,,{},{}
/home/shuo/smartbugs-curated/full/reentrancy.reentrancy_dao_sol_ReentrancyDAO.hex,reentrancy.reentrancy_dao_sol_ReentrancyDAO.hex,achecker,runtime,2/27/2023,20241112_1802,1731405730,0.09744429588317871,0,Missing-AC-Check,,{},{}
/home/shuo/smartbugs-curated/full/unchecked_low_level_calls.0xb0510d68f210b7db66e8c7c814f22680f2b8d1d6_sol_SafeMath.hex,unchecked_low_level_calls.0xb0510d68f210b7db66e8c7c814f22680f2b8d1d6_sol_SafeMath.hex,achecker,runtime,2/27/2023,20241112_1802,1731405730,0.11977529525756836,0,Missing-AC-Check,,{},{}
/home/shuo/smartbugs-curated/full/arithmetic.integer_overflow_mapping_sym_1_sol_IntegerOverflowMappingSym1.hex,arithmetic.integer_overflow_mapping_sym_1_sol_IntegerOverflowMappingSym1.hex,achecker,runtime,2/27/2023,20241112_1802,1731405730,0.15966033935546875,0,Missing-AC-Check,,{},{}
/home/shuo/smartbugs-curated/full/unchecked_low_level_calls.0xa46edd6a9a93feec36576ee5048146870ea2c3ae_sol_EBU.hex,unchecked_low_level_calls.0xa46edd6a9a93feec36576ee5048146870ea2c3ae_sol_EBU.hex,achecker,runtime,2/27/2023,20241112_1802,1731405730,0.24416327476501465,0,Missing-AC-Check,,{},{}
/home/shuo/smartbugs-curated/full/unchecked_low_level_calls.0x39cfd754c85023648bf003bea2dd498c5612abfa_sol_Token.hex,unchecked_low_level_calls.0x39cfd754c85023648bf003bea2dd498c5612abfa_sol_Token.hex,achecker,runtime,2/27/2023,20241112_1802,1731405729,1.323889970779419,0,Missing-AC-Check,,{},{}
/home/shuo/smartbugs-curated/full/unchecked_low_level_calls.mishandled_sol_SendBack.hex,unchecked_low_level_calls.mishandled_sol_SendBack.hex,achecker,runtime,2/27/2023,20241112_1802,1731405730,0.37792110443115234,0,Missing-AC-Check,,{},{}
/home/shuo/smartbugs-curated/full/unchecked_low_level_calls.0x39cfd754c85023648bf003bea2dd498c5612abfa_sol_Ownable.hex,unchecked_low_level_calls.0x39cfd754c85023648bf003bea2dd498c5612abfa_sol_Ownable.hex,achecker,runtime,2/27/2023,20241112_1802,1731405729,1.4024736881256104,0,Missing-AC-Check,,{},{}
/home/shuo/smartbugs-curated/full/other.name_registrar_sol_NameRegistrar.hex,other.name_registrar_sol_NameRegistrar.hex,achecker,runtime,2/27/2023,20241112_1802,1731405730,0.4208085536956787,0,Missing-AC-Check,,{},{}
/home/shuo/smartbugs-curated/full/access_control.wallet_04_confused_sign_sol_Wallet.hex,access_control.wallet_04_confused_sign_sol_Wallet.hex,achecker,runtime,2/27/2023,20241112_1802,1731405730,0.470172643661499,0,Missing-AC-Check,,{},{}
/home/shuo/smartbugs-curated/full/unchecked_low_level_calls.0x524960d55174d912768678d8c606b4d50b79d7b1_sol_Centra4.hex,unchecked_low_level_calls.0x524960d55174d912768678d8c606b4d50b79d7b1_sol_Centra4.hex,achecker,runtime,2/27/2023,20241112_1802,1731405730,0.660250186920166,0,Missing-AC-Check,,{},{}
/home/shuo/smartbugs-curated/full/front_running.ERC20_sol_SafeMath.hex,front_running.ERC20_sol_SafeMath.hex,achecker,runtime,2/27/2023,20241112_1802,1731405730,0.919825553894043,0,Missing-AC-Check,,{},{}
/home/shuo/smartbugs-curated/full/unchecked_low_level_calls.0x19cf8481ea15427a98ba3cdd6d9e14690011ab10_sol_SafeMath.hex,unchecked_low_level_calls.0x19cf8481ea15427a98ba3cdd6d9e14690011ab10_sol_SafeMath.hex,achecker,runtime,2/27/2023,20241112_1802,1731405730,0.9511356353759766,0,Missing-AC-Check,,{},{}
/home/shuo/smartbugs-curated/full/unchecked_low_level_calls.0x958a8f594101d2c0485a52319f29b2647f2ebc06_sol_Owned.hex,unchecked_low_level_calls.0x958a8f594101d2c0485a52319f29b2647f2ebc06_sol_Owned.hex,achecker,runtime,2/27/2023,20241112_1802,1731405730,0.9772553443908691,0,Missing-AC-Check,,{},{}
/home/shuo/smartbugs-curated/full/reentrancy.0x4320e6f8c05b27ab4707cd1f6d5ce6f3e4b3a5a1_sol_ACCURAL_DEPOSIT.hex,reentrancy.0x4320e6f8c05b27ab4707cd1f6d5ce6f3e4b3a5a1_sol_ACCURAL_DEPOSIT.hex,achecker,runtime,2/27/2023,20241112_1802,1731405730,1.0175423622131348,0,Missing-AC-Check,,{},{}
/home/shuo/smartbugs-curated/full/unchecked_low_level_calls.0xbaa3de6504690efb064420d89e871c27065cdd52_sol_Proxy.hex,unchecked_low_level_calls.0xbaa3de6504690efb064420d89e871c27065cdd52_sol_Proxy.hex,achecker,runtime,2/27/2023,20241112_1802,1731405730,1.0274007320404053,0,Missing-AC-Check,,{},{}
/home/shuo/smartbugs-curated/full/unchecked_low_level_calls.0xec329ffc97d75fe03428ae155fc7793431487f63_sol_TokenSender.hex,unchecked_low_level_calls.0xec329ffc97d75fe03428ae155fc7793431487f63_sol_TokenSender.hex,achecker,runtime,2/27/2023,20241112_1802,1731405728,3.035285472869873,0,Missing-AC-Check,,{},{}
/home/shuo/smartbugs-curated/full/unchecked_low_level_calls.0xb11b2fed6c9354f7aa2f658d3b4d7b31d8a13b77_sol_Proxy.hex,unchecked_low_level_calls.0xb11b2fed6c9354f7aa2f658d3b4d7b31d8a13b77_sol_Proxy.hex,achecker,runtime,2/27/2023,20241112_1802,1731405730,1.0591461658477783,0,Missing-AC-Check,,{},{}
/home/shuo/smartbugs-curated/full/unchecked_low_level_calls.unchecked_return_value_sol_ReturnValue.hex,unchecked_low_level_calls.unchecked_return_value_sol_ReturnValue.hex,achecker,runtime,2/27/2023,20241112_1802,1731405731,0.07421541213989258,0,Missing-AC-Check,,{},{}
/home/shuo/smartbugs-curated/full/denial_of_service.dos_simple_sol_DosOneFunc.hex,denial_of_service.dos_simple_sol_DosOneFunc.hex,achecker,runtime,2/27/2023,20241112_1802,1731405730,1.100841760635376,0,Missing-AC-Check,,{},{}
/home/shuo/smartbugs-curated/full/reentrancy.0x561eac93c92360949ab1f1403323e6db345cbf31_sol_BANK_SAFE.hex,reentrancy.0x561eac93c92360949ab1f1403323e6db345cbf31_sol_BANK_SAFE.hex,achecker,runtime,2/27/2023,20241112_1802,1731405731,0.12577390670776367,0,Missing-AC-Check,,{},{}
/home/shuo/smartbugs-curated/full/reentrancy.0x7b368c4e805c3870b6c49a3f1f49f69af8662cf3_sol_Log.hex,reentrancy.0x7b368c4e805c3870b6c49a3f1f49f69af8662cf3_sol_Log.hex,achecker,runtime,2/27/2023,20241112_1802,1731405730,1.1579601764678955,0,Missing-AC-Check,,{},{}
/home/shuo/smartbugs-curated/full/unchecked_low_level_calls.0xa1fceeff3acc57d257b917e30c4df661401d6431_sol_AirDropContract.hex,unchecked_low_level_calls.0xa1fceeff3acc57d257b917e30c4df661401d6431_sol_AirDropContract.hex,achecker,runtime,2/27/2023,20241112_1802,1731405730,1.1670327186584473,0,Missing-AC-Check,,{},{}
/home/shuo/smartbugs-curated/full/unchecked_low_level_calls.0x3a0e9acd953ffc0dd18d63603488846a6b8b2b01_sol_Ownable.hex,unchecked_low_level_calls.0x3a0e9acd953ffc0dd18d63603488846a6b8b2b01_sol_Ownable.hex,achecker,runtime,2/27/2023,20241112_1802,1731405730,1.1707122325897217,0,Missing-AC-Check,,{},{}
/home/shuo/smartbugs-curated/full/unchecked_low_level_calls.0xec329ffc97d75fe03428ae155fc7793431487f63_sol_Owned.hex,unchecked_low_level_calls.0xec329ffc97d75fe03428ae155fc7793431487f63_sol_Owned.hex,achecker,runtime,2/27/2023,20241112_1802,1731405730,1.341226577758789,0,Missing-AC-Check,,{},{}
/home/shuo/smartbugs-curated/full/arithmetic.token_sol_Token.hex,arithmetic.token_sol_Token.hex,achecker,runtime,2/27/2023,20241112_1802,1731405731,0.353137731552124,0,Missing-AC-Check,,{},{}
/home/shuo/smartbugs-curated/full/reentrancy.0xb5e1b1ee15c6fa0e48fce100125569d430f1bd12_sol_Log.hex,reentrancy.0xb5e1b1ee15c6fa0e48fce100125569d430f1bd12_sol_Log.hex,achecker,runtime,2/27/2023,20241112_1802,1731405730,1.3876898288726807,0,Missing-AC-Check,,{},{}
/home/shuo/smartbugs-curated/full/access_control.mycontract_sol_MyContract.hex,access_control.mycontract_sol_MyContract.hex,achecker,runtime,2/27/2023,20241112_1802,1731405731,0.46470117568969727,0,Missing-AC-Check,,{},{}
/home/shuo/smartbugs-curated/full/reentrancy.0x627fa62ccbb1c1b04ffaecd72a53e37fc0e17839_sol_Ownable.hex,reentrancy.0x627fa62ccbb1c1b04ffaecd72a53e37fc0e17839_sol_Ownable.hex,achecker,runtime,2/27/2023,20241112_1802,1731405731,0.4682028293609619,0,Missing-AC-Check,,{},{}
/home/shuo/smartbugs-curated/full/arithmetic.integer_overflow_multitx_onefunc_feasible_sol_IntegerOverflowMultiTxOneFuncFeasible.hex,arithmetic.integer_overflow_multitx_onefunc_feasible_sol_IntegerOverflowMultiTxOneFuncFeasible.hex,achecker,runtime,2/27/2023,20241112_1802,1731405731,0.5292308330535889,0,Missing-AC-Check,,{},{}
/home/shuo/smartbugs-curated/full/bad_randomness.lucky_doubler_sol_LuckyDoubler.hex,bad_randomness.lucky_doubler_sol_LuckyDoubler.hex,achecker,runtime,2/27/2023,20241112_1802,1731405729,2.5979056358337402,0,Missing-AC-Check,,{},{}
/home/shuo/smartbugs-curated/full/reentrancy.0xcead721ef5b11f1a7b530171aab69b16c5e66b6e_sol_WALLET.hex,reentrancy.0xcead721ef5b11f1a7b530171aab69b16c5e66b6e_sol_WALLET.hex,achecker,runtime,2/27/2023,20241112_1802,1731405731,0.7166714668273926,0,Missing-AC-Check,,{},{}
/home/shuo/smartbugs-curated/full/reentrancy.modifier_reentrancy_sol_Bank.hex,reentrancy.modifier_reentrancy_sol_Bank.hex,achecker,runtime,2/27/2023,20241112_1802,1731405731,0.7662098407745361,0,Missing-AC-Check,,{},{}
/home/shuo/smartbugs-curated/full/short_addresses.short_address_example_sol_MyToken.hex,short_addresses.short_address_example_sol_MyToken.hex,achecker,runtime,2/27/2023,20241112_1802,1731405731,0.818934440612793,0,Missing-AC-Check,,{},{}
/home/shuo/smartbugs-curated/full/unchecked_low_level_calls.lotto_sol_Lotto.hex,unchecked_low_level_calls.lotto_sol_Lotto.hex,achecker,runtime,2/27/2023,20241112_1802,1731405732,0.15648961067199707,0,Missing-AC-Check,,{},{}
/home/shuo/smartbugs-curated/full/unchecked_low_level_calls.0x0cbe050f75bc8f8c2d6c0d249fea125fd6e1acc9_sol_Caller.hex,unchecked_low_level_calls.0x0cbe050f75bc8f8c2d6c0d249fea125fd6e1acc9_sol_Caller.hex,achecker,runtime,2/27/2023,20241112_1802,1731405732,0.24349260330200195,0,Missing-AC-Check,,{},{}
/home/shuo/smartbugs-curated/full/front_running.ERC20_sol_ERC20.hex,front_running.ERC20_sol_ERC20.hex,achecker,runtime,2/27/2023,20241112_1802,1731405731,1.2520322799682617,0,Missing-AC-Check,,{},{}
/home/shuo/smartbugs-curated/full/bad_randomness.old_blockhash_sol_PredictTheBlockHashChallenge.hex,bad_randomness.old_blockhash_sol_PredictTheBlockHashChallenge.hex,achecker,runtime,2/27/2023,20241112_1802,1731405732,0.28795433044433594,0,Missing-AC-Check,,{},{}
/home/shuo/smartbugs-curated/full/reentrancy.0xaae1f51cf3339f18b6d3f3bdc75a5facd744b0b8_sol_DEP_BANK.hex,reentrancy.0xaae1f51cf3339f18b6d3f3bdc75a5facd744b0b8_sol_DEP_BANK.hex,achecker,runtime,2/27/2023,20241112_1802,1731405732,0.33277463912963867,0,Missing-AC-Check,,{},{}
/home/shuo/smartbugs-curated/full/unchecked_low_level_calls.0x3a0e9acd953ffc0dd18d63603488846a6b8b2b01_sol_Token.hex,unchecked_low_level_calls.0x3a0e9acd953ffc0dd18d63603488846a6b8b2b01_sol_Token.hex,achecker,runtime,2/27/2023,20241112_1802,1731405731,1.3821356296539307,0,Missing-AC-Check,,{},{}
/home/shuo/smartbugs-curated/full/bad_randomness.lottery_sol_Lottery.hex,bad_randomness.lottery_sol_Lottery.hex,achecker,runtime,2/27/2023,20241112_1802,1731405731,1.412548542022705,0,Missing-AC-Check,,{},{}
/home/shuo/smartbugs-curated/full/reentrancy.0xb5e1b1ee15c6fa0e48fce100125569d430f1bd12_sol_Private_Bank.hex,reentrancy.0xb5e1b1ee15c6fa0e48fce100125569d430f1bd12_sol_Private_Bank.hex,achecker,runtime,2/27/2023,20241112_1802,1731405732,0.42127132415771484,0,Missing-AC-Check,,{},{}
/home/shuo/smartbugs-curated/full/reentrancy.0x8c7777c45481dba411450c228cb692ac3d550344_sol_ETH_VAULT.hex,reentrancy.0x8c7777c45481dba411450c228cb692ac3d550344_sol_ETH_VAULT.hex,achecker,runtime,2/27/2023,20241112_1802,1731405732,0.4291863441467285,0,Missing-AC-Check,,{},{}
/home/shuo/smartbugs-curated/full/other.open_address_lottery_sol_OpenAddressLottery.hex,other.open_address_lottery_sol_OpenAddressLottery.hex,achecker,runtime,2/27/2023,20241112_1802,1731405731,1.4303443431854248,0,Missing-AC-Check,,{},{}
/home/shuo/smartbugs-curated/full/access_control.proxy_sol_Proxy.hex,access_control.proxy_sol_Proxy.hex,achecker,runtime,2/27/2023,20241112_1802,1731405732,0.4748220443725586,0,Missing-AC-Check,"[0, 13, 70, 82, 207, 249, 276, 321, 337]",{},{}
/home/shuo/smartbugs-curated/full/arithmetic.BECToken_sol_Ownable.hex,arithmetic.BECToken_sol_Ownable.hex,achecker,runtime,2/27/2023,20241112_1802,1731405732,0.481980562210083,0,Missing-AC-Check,,{},{}
/home/shuo/smartbugs-curated/full/denial_of_service.auction_sol_DosAuction.hex,denial_of_service.auction_sol_DosAuction.hex,achecker,runtime,2/27/2023,20241112_1802,1731405732,0.5261743068695068,0,Missing-AC-Check,,{},{}
/home/shuo/smartbugs-curated/full/other.crypto_roulette_sol_CryptoRoulette.hex,other.crypto_roulette_sol_CryptoRoulette.hex,achecker,runtime,2/27/2023,20241112_1802,1731405732,0.6058351993560791,0,Missing-AC-Check,,{},{}
/home/shuo/smartbugs-curated/full/reentrancy.0x4320e6f8c05b27ab4707cd1f6d5ce6f3e4b3a5a1_sol_LogFile.hex,reentrancy.0x4320e6f8c05b27ab4707cd1f6d5ce6f3e4b3a5a1_sol_LogFile.hex,achecker,runtime,2/27/2023,20241112_1802,1731405731,1.6122126579284668,0,Missing-AC-Check,,{},{}
/home/shuo/smartbugs-curated/full/unchecked_low_level_calls.0xe82f0742a71a02b9e9ffc142fdcb6eb1ed06fb87_sol_Freebie.hex,unchecked_low_level_calls.0xe82f0742a71a02b9e9ffc142fdcb6eb1ed06fb87_sol_Freebie.hex,achecker,runtime,2/27/2023,20241112_1802,1731405732,0.6575217247009277,0,Missing-AC-Check,,{},{}
/home/shuo/smartbugs-curated/full/reentrancy.0xaae1f51cf3339f18b6d3f3bdc75a5facd744b0b8_sol_LogFile.hex,reentrancy.0xaae1f51cf3339f18b6d3f3bdc75a5facd744b0b8_sol_LogFile.hex,achecker,runtime,2/27/2023,20241112_1802,1731405731,1.7407915592193604,0,Missing-AC-Check,,{},{}
/home/shuo/smartbugs-curated/full/unchecked_low_level_calls.0x39cfd754c85023648bf003bea2dd498c5612abfa_sol_TokenBank.hex,unchecked_low_level_calls.0x39cfd754c85023648bf003bea2dd498c5612abfa_sol_TokenBank.hex,achecker,runtime,2/27/2023,20241112_1802,1731405731,1.8982164859771729,0,Missing-AC-Check,,{},{}
/home/shuo/smartbugs-curated/full/reentrancy.0x561eac93c92360949ab1f1403323e6db345cbf31_sol_LogFile.hex,reentrancy.0x561eac93c92360949ab1f1403323e6db345cbf31_sol_LogFile.hex,achecker,runtime,2/27/2023,20241112_1802,1731405732,0.989426851272583,0,Missing-AC-Check,,{},{}
/home/shuo/smartbugs-curated/full/unchecked_low_level_calls.etherpot_lotto_sol_Lotto.hex,unchecked_low_level_calls.etherpot_lotto_sol_Lotto.hex,achecker,runtime,2/27/2023,20241112_1802,1731405731,2.0092010498046875,0,Missing-AC-Check,,{},{}
/home/shuo/smartbugs-curated/full/reentrancy.reentrancy_insecure_sol_Reentrancy_insecure.hex,reentrancy.reentrancy_insecure_sol_Reentrancy_insecure.hex,achecker,runtime,2/27/2023,20241112_1802,1731405733,0.014587879180908203,0,Missing-AC-Check,,{},{}
/home/shuo/smartbugs-curated/full/unchecked_low_level_calls.0x663e4229142a27f00bafb5d087e1e730648314c3_sol_PandaAccessControl.hex,unchecked_low_level_calls.0x663e4229142a27f00bafb5d087e1e730648314c3_sol_PandaAccessControl.hex,achecker,runtime,2/27/2023,20241112_1802,1731405731,2.056025743484497,0,Missing-AC-Check,,{},{}
/home/shuo/smartbugs-curated/full/unchecked_low_level_calls.0x52d2e0f9b01101a59b38a3d05c80b7618aeed984_sol_EtherGet.hex,unchecked_low_level_calls.0x52d2e0f9b01101a59b38a3d05c80b7618aeed984_sol_EtherGet.hex,achecker,runtime,2/27/2023,20241112_1802,1731405733,0.05933189392089844,0,Missing-AC-Check,,{},{}
/home/shuo/smartbugs-curated/full/reentrancy.0xb93430ce38ac4a6bb47fb1fc085ea669353fd89e_sol_PrivateBank.hex,reentrancy.0xb93430ce38ac4a6bb47fb1fc085ea669353fd89e_sol_PrivateBank.hex,achecker,runtime,2/27/2023,20241112_1802,1731405733,0.10866069793701172,0,Missing-AC-Check,,{},{}
/home/shuo/smartbugs-curated/full/reentrancy.0x4e73b32ed6c35f570686b89848e5f39f20ecc106_sol_LogFile.hex,reentrancy.0x4e73b32ed6c35f570686b89848e5f39f20ecc106_sol_LogFile.hex,achecker,runtime,2/27/2023,20241112_1802,1731405732,1.1111061573028564,0,Missing-AC-Check,,{},{}
/home/shuo/smartbugs-curated/full/unchecked_low_level_calls.0x4b71ad9c1a84b9b643aa54fdd66e2dec96e8b152_sol_airPort.hex,unchecked_low_level_calls.0x4b71ad9c1a84b9b643aa54fdd66e2dec96e8b152_sol_airPort.hex,achecker,runtime,2/27/2023,20241112_1802,1731405733,0.11484217643737793,0,Missing-AC-Check,,{},{}
/home/shuo/smartbugs-curated/full/access_control.multiowned_vulnerable_sol_MultiOwnable.hex,access_control.multiowned_vulnerable_sol_MultiOwnable.hex,achecker,runtime,2/27/2023,20241112_1802,1731405731,2.166966199874878,0,Missing-AC-Check,,{},{}
/home/shuo/smartbugs-curated/full/reentrancy.0xbe4041d55db380c5ae9d4a9b9703f1ed4e7e3888_sol_MONEY_BOX.hex,reentrancy.0xbe4041d55db380c5ae9d4a9b9703f1ed4e7e3888_sol_MONEY_BOX.hex,achecker,runtime,2/27/2023,20241112_1802,1731405733,0.2175006866455078,0,Missing-AC-Check,,{},{}
/home/shuo/smartbugs-curated/full/unchecked_low_level_calls.0x84d9ec85c9c568eb332b7226a8f826d897e0a4a8_sol_Owned.hex,unchecked_low_level_calls.0x84d9ec85c9c568eb332b7226a8f826d897e0a4a8_sol_Owned.hex,achecker,runtime,2/27/2023,20241112_1802,1731405732,1.2216849327087402,0,Missing-AC-Check,,{},{}
/home/shuo/smartbugs-curated/full/arithmetic.BECToken_sol_SafeMath.hex,arithmetic.BECToken_sol_SafeMath.hex,achecker,runtime,2/27/2023,20241112_1802,1731405733,0.24419593811035156,0,Missing-AC-Check,,{},{}
/home/shuo/smartbugs-curated/full/unchecked_low_level_calls.0xb11b2fed6c9354f7aa2f658d3b4d7b31d8a13b77_sol_DepositProxy.hex,unchecked_low_level_calls.0xb11b2fed6c9354f7aa2f658d3b4d7b31d8a13b77_sol_DepositProxy.hex,achecker,runtime,2/27/2023,20241112_1802,1731405732,1.395158052444458,0,Missing-AC-Check,,{},{}
/home/shuo/smartbugs-curated/full/reentrancy.0x7541b76cb60f4c60af330c208b0623b7f54bf615_sol_Log.hex,reentrancy.0x7541b76cb60f4c60af330c208b0623b7f54bf615_sol_Log.hex,achecker,runtime,2/27/2023,20241112_1802,1731405732,1.4059135913848877,0,Missing-AC-Check,,{},{}
/home/shuo/smartbugs-curated/full/unchecked_low_level_calls.0xb7c5c5aa4d42967efe906e1b66cb8df9cebf04f7_sol_keepMyEther.hex,unchecked_low_level_calls.0xb7c5c5aa4d42967efe906e1b66cb8df9cebf04f7_sol_keepMyEther.hex,achecker,runtime,2/27/2023,20241112_1802,1731405733,0.4495573043823242,0,Missing-AC-Check,,{},{}
/home/shuo/smartbugs-curated/full/reentrancy.reentrancy_cross_function_sol_Reentrancy_cross_function.hex,reentrancy.reentrancy_cross_function_sol_Reentrancy_cross_function.hex,achecker,runtime,2/27/2023,20241112_1802,1731405733,0.5618658065795898,0,Missing-AC-Check,,{},{}
/home/shuo/smartbugs-curated/full/unchecked_low_level_calls.0xe09b1ab8111c2729a76f16de96bc86a7af837928_sol_FiftyFlip.hex,unchecked_low_level_calls.0xe09b1ab8111c2729a76f16de96bc86a7af837928_sol_FiftyFlip.hex,achecker,runtime,2/27/2023,20241112_1802,1731405726,7.685817003250122,0,Missing-AC-Check,,{},{}
/home/shuo/smartbugs-curated/full/unchecked_low_level_calls.0x8fd1e427396ddb511533cf9abdbebd0a7e08da35_sol_TokenBank.hex,unchecked_low_level_calls.0x8fd1e427396ddb511533cf9abdbebd0a7e08da35_sol_TokenBank.hex,achecker,runtime,2/27/2023,20241112_1802,1731405732,1.7085399627685547,0,Missing-AC-Check,,{},{}
/home/shuo/smartbugs-curated/full/reentrancy.0x7a8721a9d64c74da899424c1b52acbf58ddc9782_sol_Log.hex,reentrancy.0x7a8721a9d64c74da899424c1b52acbf58ddc9782_sol_Log.hex,achecker,runtime,2/27/2023,20241112_1802,1731405732,1.7531826496124268,0,Missing-AC-Check,,{},{}
/home/shuo/smartbugs-curated/full/access_control.FibonacciBalance_sol_FibonacciLib.hex,access_control.FibonacciBalance_sol_FibonacciLib.hex,achecker,runtime,2/27/2023,20241112_1802,1731405733,0.8785908222198486,0,Missing-AC-Check,,{},{}
/home/shuo/smartbugs-curated/full/reentrancy.0x7541b76cb60f4c60af330c208b0623b7f54bf615_sol_U_BANK.hex,reentrancy.0x7541b76cb60f4c60af330c208b0623b7f54bf615_sol_U_BANK.hex,achecker,runtime,2/27/2023,20241112_1802,1731405733,0.9474835395812988,0,Missing-AC-Check,,{},{}
/home/shuo/smartbugs-curated/full/time_manipulation.governmental_survey_sol_Attacker.hex,time_manipulation.governmental_survey_sol_Attacker.hex,achecker,runtime,2/27/2023,20241112_1802,1731405733,1.0148413181304932,0,Missing-AC-Check,,{},{}
/home/shuo/smartbugs-curated/full/reentrancy.0x93c32845fae42c83a70e5f06214c8433665c2ab5_sol_X_WALLET.hex,reentrancy.0x93c32845fae42c83a70e5f06214c8433665c2ab5_sol_X_WALLET.hex,achecker,runtime,2/27/2023,20241112_1802,1731405733,1.0344343185424805,0,Missing-AC-Check,,{},{}
/home/shuo/smartbugs-curated/full/reentrancy.0x941d225236464a25eb18076df7da6a91d0f95e9e_sol_ETH_FUND.hex,reentrancy.0x941d225236464a25eb18076df7da6a91d0f95e9e_sol_ETH_FUND.hex,achecker,runtime,2/27/2023,20241112_1802,1731405733,1.06842041015625,0,Missing-AC-Check,,{},{}
/home/shuo/smartbugs-curated/full/reentrancy.0x941d225236464a25eb18076df7da6a91d0f95e9e_sol_Log.hex,reentrancy.0x941d225236464a25eb18076df7da6a91d0f95e9e_sol_Log.hex,achecker,runtime,2/27/2023,20241112_1802,1731405733,1.0787007808685303,0,Missing-AC-Check,,{},{}
/home/shuo/smartbugs-curated/full/arithmetic.BECToken_sol_StandardToken.hex,arithmetic.BECToken_sol_StandardToken.hex,achecker,runtime,2/27/2023,20241112_1802,1731405733,1.1085131168365479,0,Missing-AC-Check,,{},{}
/home/shuo/smartbugs-curated/full/reentrancy.0xb93430ce38ac4a6bb47fb1fc085ea669353fd89e_sol_Log.hex,reentrancy.0xb93430ce38ac4a6bb47fb1fc085ea669353fd89e_sol_Log.hex,achecker,runtime,2/27/2023,20241112_1802,1731405733,1.1227610111236572,0,Missing-AC-Check,,{},{}
/home/shuo/smartbugs-curated/full/unchecked_low_level_calls.king_of_the_ether_throne_sol_KingOfTheEtherThrone.hex,unchecked_low_level_calls.king_of_the_ether_throne_sol_KingOfTheEtherThrone.hex,achecker,runtime,2/27/2023,20241112_1802,1731405731,3.1522057056427,0,Missing-AC-Check,,{},{}
/home/shuo/smartbugs-curated/full/unchecked_low_level_calls.0x5aa88d2901c68fda244f1d0584400368d2c8e739_sol_MultiplicatorX3.hex,unchecked_low_level_calls.0x5aa88d2901c68fda244f1d0584400368d2c8e739_sol_MultiplicatorX3.hex,achecker,runtime,2/27/2023,20241112_1802,1731405733,1.1657803058624268,0,Missing-AC-Check,,{},{}
/home/shuo/smartbugs-curated/full/reentrancy.etherbank_sol_EtherBank.hex,reentrancy.etherbank_sol_EtherBank.hex,achecker,runtime,2/27/2023,20241112_1802,1731405734,0.2706937789916992,0,Missing-AC-Check,,{},{}
/home/shuo/smartbugs-curated/full/unchecked_low_level_calls.0x663e4229142a27f00bafb5d087e1e730648314c3_sol_ClockAuctionBase.hex,unchecked_low_level_calls.0x663e4229142a27f00bafb5d087e1e730648314c3_sol_ClockAuctionBase.hex,achecker,runtime,2/27/2023,20241112_1802,1731405734,0.31450390815734863,0,Missing-AC-Check,,{},{}
/home/shuo/smartbugs-curated/full/arithmetic.BECToken_sol_PausableToken.hex,arithmetic.BECToken_sol_PausableToken.hex,achecker,runtime,2/27/2023,20241112_1802,1731405731,3.4112942218780518,0,Missing-AC-Check,,{},{}
/home/shuo/smartbugs-curated/full/access_control.wallet_02_refund_nosub_sol_Wallet.hex,access_control.wallet_02_refund_nosub_sol_Wallet.hex,achecker,runtime,2/27/2023,20241112_1802,1731405734,0.4539828300476074,0,Missing-AC-Check,,{},{}
/home/shuo/smartbugs-curated/full/unchecked_low_level_calls.0xb0510d68f210b7db66e8c7c814f22680f2b8d1d6_sol_Puppet.hex,unchecked_low_level_calls.0xb0510d68f210b7db66e8c7c814f22680f2b8d1d6_sol_Puppet.hex,achecker,runtime,2/27/2023,20241112_1802,1731405734,0.5425684452056885,0,Missing-AC-Check,,{},{}
/home/shuo/smartbugs-curated/full/bad_randomness.guess_the_random_number_sol_GuessTheRandomNumberChallenge.hex,bad_randomness.guess_the_random_number_sol_GuessTheRandomNumberChallenge.hex,achecker,runtime,2/27/2023,20241112_1802,1731405734,0.5428602695465088,0,Missing-AC-Check,,{},{}
/home/shuo/smartbugs-curated/full/arithmetic.integer_overflow_benign_1_sol_IntegerOverflowBenign1.hex,arithmetic.integer_overflow_benign_1_sol_IntegerOverflowBenign1.hex,achecker,runtime,2/27/2023,20241112_1802,1731405734,0.5596063137054443,0,Missing-AC-Check,,{},{}
/home/shuo/smartbugs-curated/full/access_control.phishable_sol_Phishable.hex,access_control.phishable_sol_Phishable.hex,achecker,runtime,2/27/2023,20241112_1802,1731405734,0.5681920051574707,0,Missing-AC-Check,,{},{}
/home/shuo/smartbugs-curated/full/reentrancy.simple_dao_sol_SimpleDAO.hex,reentrancy.simple_dao_sol_SimpleDAO.hex,achecker,runtime,2/27/2023,20241112_1802,1731405734,0.5857489109039307,0,Missing-AC-Check,,{},{}
/home/shuo/smartbugs-curated/full/reentrancy.0xbe4041d55db380c5ae9d4a9b9703f1ed4e7e3888_sol_Log.hex,reentrancy.0xbe4041d55db380c5ae9d4a9b9703f1ed4e7e3888_sol_Log.hex,achecker,runtime,2/27/2023,20241112_1802,1731405733,1.6308605670928955,0,Missing-AC-Check,,{},{}
/home/shuo/smartbugs-curated/full/reentrancy.reentrancy_simple_sol_Reentrance.hex,reentrancy.reentrancy_simple_sol_Reentrance.hex,achecker,runtime,2/27/2023,20241112_1802,1731405734,0.6620867252349854,0,Missing-AC-Check,,{},{}
/home/shuo/smartbugs-curated/full/unchecked_low_level_calls.0xbaa3de6504690efb064420d89e871c27065cdd52_sol_VaultProxy.hex,unchecked_low_level_calls.0xbaa3de6504690efb064420d89e871c27065cdd52_sol_VaultProxy.hex,achecker,runtime,2/27/2023,20241112_1802,1731405734,0.7293412685394287,0,Missing-AC-Check,,{},{}
/home/shuo/smartbugs-curated/full/unchecked_low_level_calls.0x663e4229142a27f00bafb5d087e1e730648314c3_sol_PandaBase.hex,unchecked_low_level_calls.0x663e4229142a27f00bafb5d087e1e730648314c3_sol_PandaBase.hex,achecker,runtime,2/27/2023,20241112_1802,1731405728,6.754304885864258,0,Missing-AC-Check,,{},{}
/home/shuo/smartbugs-curated/full/unchecked_low_level_calls.0x663e4229142a27f00bafb5d087e1e730648314c3_sol_SiringClockAuction.hex,unchecked_low_level_calls.0x663e4229142a27f00bafb5d087e1e730648314c3_sol_SiringClockAuction.hex,achecker,runtime,2/27/2023,20241112_1802,1731405731,3.7872543334960938,0,Missing-AC-Check,,{},{}
/home/shuo/smartbugs-curated/full/reentrancy.0x96edbe868531bd23a6c05e9d0c424ea64fb1b78b_sol_PENNY_BY_PENNY.hex,reentrancy.0x96edbe868531bd23a6c05e9d0c424ea64fb1b78b_sol_PENNY_BY_PENNY.hex,achecker,runtime,2/27/2023,20241112_1802,1731405734,0.8768744468688965,0,Missing-AC-Check,,{},{}
/home/shuo/smartbugs-curated/full/unchecked_low_level_calls.0xd5967fed03e85d1cce44cab284695b41bc675b5c_sol_demo.hex,unchecked_low_level_calls.0xd5967fed03e85d1cce44cab284695b41bc675b5c_sol_demo.hex,achecker,runtime,2/27/2023,20241112_1802,1731405734,0.8783538341522217,0,Missing-AC-Check,,{},{}
/home/shuo/smartbugs-curated/full/front_running.FindThisHash_sol_FindThisHash.hex,front_running.FindThisHash_sol_FindThisHash.hex,achecker,runtime,2/27/2023,20241112_1802,1731405734,0.9179966449737549,0,Missing-AC-Check,,{},{}
/home/shuo/smartbugs-curated/full/bad_randomness.blackjack_sol_Deck.hex,bad_randomness.blackjack_sol_Deck.hex,achecker,runtime,2/27/2023,20241112_1802,1731405734,0.9710943698883057,0,Missing-AC-Check,,{},{}
/home/shuo/smartbugs-curated/full/reentrancy.0x23a91059fdc9579a9fbd0edc5f2ea0bfdb70deb4_sol_Log.hex,reentrancy.0x23a91059fdc9579a9fbd0edc5f2ea0bfdb70deb4_sol_Log.hex,achecker,runtime,2/27/2023,20241112_1802,1731405733,1.9783482551574707,0,Missing-AC-Check,,{},{}
/home/shuo/smartbugs-curated/full/unchecked_low_level_calls.0x19cf8481ea15427a98ba3cdd6d9e14690011ab10_sol_StandardToken.hex,unchecked_low_level_calls.0x19cf8481ea15427a98ba3cdd6d9e14690011ab10_sol_StandardToken.hex,achecker,runtime,2/27/2023,20241112_1802,1731405734,0.9801523685455322,0,Missing-AC-Check,,{},{}
/home/shuo/smartbugs-curated/full/unchecked_low_level_calls.0xdb1c55f6926e7d847ddf8678905ad871a68199d2_sol_FreeEth.hex,unchecked_low_level_calls.0xdb1c55f6926e7d847ddf8678905ad871a68199d2_sol_FreeEth.hex,achecker,runtime,2/27/2023,20241112_1802,1731405734,0.9934024810791016,0,Missing-AC-Check,,{},{}
/home/shuo/smartbugs-curated/full/reentrancy.0xbaf51e761510c1a11bf48dd87c0307ac8a8c8a4f_sol_ETH_VAULT.hex,reentrancy.0xbaf51e761510c1a11bf48dd87c0307ac8a8c8a4f_sol_ETH_VAULT.hex,achecker,runtime,2/27/2023,20241112_1802,1731405734,1.0234489440917969,0,Missing-AC-Check,,{},{}
/home/shuo/smartbugs-curated/full/reentrancy.reentrancy_bonus_sol_Reentrancy_bonus.hex,reentrancy.reentrancy_bonus_sol_Reentrancy_bonus.hex,achecker,runtime,2/27/2023,20241112_1802,1731405735,0.2867755889892578,0,Missing-AC-Check,,{},{}
/home/shuo/smartbugs-curated/full/unchecked_low_level_calls.0x3e013fc32a54c4c5b6991ba539dcd0ec4355c859_sol_MultiplicatorX4.hex,unchecked_low_level_calls.0x3e013fc32a54c4c5b6991ba539dcd0ec4355c859_sol_MultiplicatorX4.hex,achecker,runtime,2/27/2023,20241112_1802,1731405734,1.3111145496368408,0,Missing-AC-Check,,{},{}
/home/shuo/smartbugs-curated/full/access_control.unprotected0_sol_Unprotected.hex,access_control.unprotected0_sol_Unprotected.hex,achecker,runtime,2/27/2023,20241112_1802,1731405735,0.34924936294555664,0,Missing-AC-Check,,{},{}
/home/shuo/smartbugs-curated/full/unchecked_low_level_calls.0xd2018bfaa266a9ec0a1a84b061640faa009def76_sol_Pie.hex,unchecked_low_level_calls.0xd2018bfaa266a9ec0a1a84b061640faa009def76_sol_Pie.hex,achecker,runtime,2/27/2023,20241112_1802,1731405734,1.398942470550537,0,Missing-AC-Check,,{},{}
/home/shuo/smartbugs-curated/full/reentrancy.spank_chain_payment_sol_StandardToken.hex,reentrancy.spank_chain_payment_sol_StandardToken.hex,achecker,runtime,2/27/2023,20241112_1802,1731405735,0.4845693111419678,0,Missing-AC-Check,,{},{}
/home/shuo/smartbugs-curated/full/reentrancy.0xf015c35649c82f5467c9c74b7f28ee67665aad68_sol_MY_BANK.hex,reentrancy.0xf015c35649c82f5467c9c74b7f28ee67665aad68_sol_MY_BANK.hex,achecker,runtime,2/27/2023,20241112_1802,1731405735,0.5579774379730225,0,Missing-AC-Check,,{},{}
/home/shuo/smartbugs-curated/full/reentrancy.0x7a8721a9d64c74da899424c1b52acbf58ddc9782_sol_PrivateDeposit.hex,reentrancy.0x7a8721a9d64c74da899424c1b52acbf58ddc9782_sol_PrivateDeposit.hex,achecker,runtime,2/27/2023,20241112_1802,1731405735,0.6684350967407227,0,Missing-AC-Check,,{},{}
/home/shuo/smartbugs-curated/full/reentrancy.0x23a91059fdc9579a9fbd0edc5f2ea0bfdb70deb4_sol_PrivateBank.hex,reentrancy.0x23a91059fdc9579a9fbd0edc5f2ea0bfdb70deb4_sol_PrivateBank.hex,achecker,runtime,2/27/2023,20241112_1802,1731405735,0.6759493350982666,0,Missing-AC-Check,,{},{}
/home/shuo/smartbugs-curated/full/access_control.incorrect_constructor_name2_sol_Missing.hex,access_control.incorrect_constructor_name2_sol_Missing.hex,achecker,runtime,2/27/2023,20241112_1802,1731405735,0.7555186748504639,0,Missing-AC-Check,,{},{}
/home/shuo/smartbugs-curated/full/unchecked_low_level_calls.0x3f2ef511aa6e75231e4deafc7a3d2ecab3741de2_sol_WhaleGiveaway2.hex,unchecked_low_level_calls.0x3f2ef511aa6e75231e4deafc7a3d2ecab3741de2_sol_WhaleGiveaway2.hex,achecker,runtime,2/27/2023,20241112_1802,1731405734,1.7775847911834717,0,Missing-AC-Check,,{},{}
/home/shuo/smartbugs-curated/full/reentrancy.0x01f8c4e3fa3edeb29e514cba738d87ce8c091d3f_sol_LogFile.hex,reentrancy.0x01f8c4e3fa3edeb29e514cba738d87ce8c091d3f_sol_LogFile.hex,achecker,runtime,2/27/2023,20241112_1802,1731405735,0.7918639183044434,0,Missing-AC-Check,,{},{}
/home/shuo/smartbugs-curated/full/arithmetic.integer_overflow_mul_sol_IntegerOverflowMul.hex,arithmetic.integer_overflow_mul_sol_IntegerOverflowMul.hex,achecker,runtime,2/27/2023,20241112_1802,1731405735,0.7981817722320557,0,Missing-AC-Check,,{},{}
/home/shuo/smartbugs-curated/full/denial_of_service.dos_address_sol_DosGas.hex,denial_of_service.dos_address_sol_DosGas.hex,achecker,runtime,2/27/2023,20241112_1802,1731405735,0.8038620948791504,0,Missing-AC-Check,,{},{}
/home/shuo/smartbugs-curated/full/time_manipulation.governmental_survey_sol_Governmental.hex,time_manipulation.governmental_survey_sol_Governmental.hex,achecker,runtime,2/27/2023,20241112_1802,1731405735,0.9514694213867188,0,Missing-AC-Check,,{},{}
/home/shuo/smartbugs-curated/full/unchecked_low_level_calls.0x8fd1e427396ddb511533cf9abdbebd0a7e08da35_sol_Ownable.hex,unchecked_low_level_calls.0x8fd1e427396ddb511533cf9abdbebd0a7e08da35_sol_Ownable.hex,achecker,runtime,2/27/2023,20241112_1802,1731405735,1.0161182880401611,0,Missing-AC-Check,,{},{}
/home/shuo/smartbugs-curated/full/unchecked_low_level_calls.0x627fa62ccbb1c1b04ffaecd72a53e37fc0e17839_sol_Ownable.hex,unchecked_low_level_calls.0x627fa62ccbb1c1b04ffaecd72a53e37fc0e17839_sol_Ownable.hex,achecker,runtime,2/27/2023,20241112_1802,1731405735,1.0212326049804688,0,Missing-AC-Check,,{},{}
/home/shuo/smartbugs-curated/full/unchecked_low_level_calls.0x8fd1e427396ddb511533cf9abdbebd0a7e08da35_sol_Token.hex,unchecked_low_level_calls.0x8fd1e427396ddb511533cf9abdbebd0a7e08da35_sol_Token.hex,achecker,runtime,2/27/2023,20241112_1802,1731405735,1.0673823356628418,0,Missing-AC-Check,,{},{}
/home/shuo/smartbugs-curated/full/unchecked_low_level_calls.0x663e4229142a27f00bafb5d087e1e730648314c3_sol_Pausable.hex,unchecked_low_level_calls.0x663e4229142a27f00bafb5d087e1e730648314c3_sol_Pausable.hex,achecker,runtime,2/27/2023,20241112_1802,1731405735,1.1344571113586426,0,Missing-AC-Check,,{},{}
/home/shuo/smartbugs-curated/full/arithmetic.integer_overflow_1_sol_Overflow.hex,arithmetic.integer_overflow_1_sol_Overflow.hex,achecker,runtime,2/27/2023,20241112_1802,1731405736,0.13835787773132324,0,Missing-AC-Check,,{},{}
/home/shuo/smartbugs-curated/full/unchecked_low_level_calls.0xbebbfe5b549f5db6e6c78ca97cac19d1fb03082c_sol_Proxy.hex,unchecked_low_level_calls.0xbebbfe5b549f5db6e6c78ca97cac19d1fb03082c_sol_Proxy.hex,achecker,runtime,2/27/2023,20241112_1802,1731405735,1.1876304149627686,0,Missing-AC-Check,,{},{}
/home/shuo/smartbugs-curated/full/time_manipulation.roulette_sol_Roulette.hex,time_manipulation.roulette_sol_Roulette.hex,achecker,runtime,2/27/2023,20241112_1802,1731405736,0.24695801734924316,0,Missing-AC-Check,,{},{}
/home/shuo/smartbugs-curated/full/unchecked_low_level_calls.0x663e4229142a27f00bafb5d087e1e730648314c3_sol_ERC721Metadata.hex,unchecked_low_level_calls.0x663e4229142a27f00bafb5d087e1e730648314c3_sol_ERC721Metadata.hex,achecker,runtime,2/27/2023,20241112_1802,1731405736,0.39312291145324707,0,Missing-AC-Check,,{},{}
/home/shuo/smartbugs-curated/full/unchecked_low_level_calls.0x627fa62ccbb1c1b04ffaecd72a53e37fc0e17839_sol_Token.hex,unchecked_low_level_calls.0x627fa62ccbb1c1b04ffaecd72a53e37fc0e17839_sol_Token.hex,achecker,runtime,2/27/2023,20241112_1802,1731405736,0.4645566940307617,0,Missing-AC-Check,,{},{}
/home/shuo/smartbugs-curated/full/arithmetic.timelock_sol_TimeLock.hex,arithmetic.timelock_sol_TimeLock.hex,achecker,runtime,2/27/2023,20241112_1802,1731405736,0.4716496467590332,0,Missing-AC-Check,,{},{}
/home/shuo/smartbugs-curated/full/arithmetic.BECToken_sol_BasicToken.hex,arithmetic.BECToken_sol_BasicToken.hex,achecker,runtime,2/27/2023,20241112_1802,1731405736,0.5415198802947998,0,Missing-AC-Check,,{},{}
/home/shuo/smartbugs-curated/full/access_control.simple_suicide_sol_SimpleSuicide.hex,access_control.simple_suicide_sol_SimpleSuicide.hex,achecker,runtime,2/27/2023,20241112_1802,1731405736,0.6464571952819824,0,Missing-AC-Check,"[0, 12, 68, 79, 88, 112]",{},{}
/home/shuo/smartbugs-curated/full/access_control.arbitrary_location_write_simple_sol_Wallet.hex,access_control.arbitrary_location_write_simple_sol_Wallet.hex,achecker,runtime,2/27/2023,20241112_1802,1731405736,0.7188267707824707,0,Missing-AC-Check,,{},{}
/home/shuo/smartbugs-curated/full/unchecked_low_level_calls.0x7d09edb07d23acb532a82be3da5c17d9d85806b4_sol_PoCGame.hex,unchecked_low_level_calls.0x7d09edb07d23acb532a82be3da5c17d9d85806b4_sol_PoCGame.hex,achecker,runtime,2/27/2023,20241112_1802,1731405735,1.7454094886779785,0,Missing-AC-Check,,{},{}
/home/shuo/smartbugs-curated/full/reentrancy.0x01f8c4e3fa3edeb29e514cba738d87ce8c091d3f_sol_PERSONAL_BANK.hex,reentrancy.0x01f8c4e3fa3edeb29e514cba738d87ce8c091d3f_sol_PERSONAL_BANK.hex,achecker,runtime,2/27/2023,20241112_1802,1731405736,0.8110916614532471,0,Missing-AC-Check,,{},{}
/home/shuo/smartbugs-curated/full/unchecked_low_level_calls.0x663e4229142a27f00bafb5d087e1e730648314c3_sol_SaleClockAuction.hex,unchecked_low_level_calls.0x663e4229142a27f00bafb5d087e1e730648314c3_sol_SaleClockAuction.hex,achecker,runtime,2/27/2023,20241112_1802,1731405732,4.939868450164795,0,Missing-AC-Check,,{},{}
/home/shuo/smartbugs-curated/full/unchecked_low_level_calls.0xf29ebe930a539a60279ace72c707cba851a57707_sol_B.hex,unchecked_low_level_calls.0xf29ebe930a539a60279ace72c707cba851a57707_sol_B.hex,achecker,runtime,2/27/2023,20241112_1802,1731405736,0.9601421356201172,0,Missing-AC-Check,,{},{}
/home/shuo/smartbugs-curated/full/unchecked_low_level_calls.0x4051334adc52057aca763453820cb0e045076ef3_sol_airdrop.hex,unchecked_low_level_calls.0x4051334adc52057aca763453820cb0e045076ef3_sol_airdrop.hex,achecker,runtime,2/27/2023,20241112_1802,1731405736,0.9696550369262695,0,Missing-AC-Check,,{},{}
/home/shuo/smartbugs-curated/full/reentrancy.spank_chain_payment_sol_HumanStandardToken.hex,reentrancy.spank_chain_payment_sol_HumanStandardToken.hex,achecker,runtime,2/27/2023,20241112_1802,1731405735,2.040046453475952,0,Missing-AC-Check,,{},{}
/home/shuo/smartbugs-curated/full/unchecked_low_level_calls.0x663e4229142a27f00bafb5d087e1e730648314c3_sol_ClockAuction.hex,unchecked_low_level_calls.0x663e4229142a27f00bafb5d087e1e730648314c3_sol_ClockAuction.hex,achecker,runtime,2/27/2023,20241112_1802,1731405734,3.0970458984375,0,Missing-AC-Check,,{},{}
/home/shuo/smartbugs-curated/full/unchecked_low_level_calls.0x610495793564aed0f9c7fc48dc4c7c9151d34fd6_sol_SimpleWallet.hex,unchecked_low_level_calls.0x610495793564aed0f9c7fc48dc4c7c9151d34fd6_sol_SimpleWallet.hex,achecker,runtime,2/27/2023,20241112_1802,1731405736,1.1785118579864502,0,Missing-AC-Check,,{},{}
/home/shuo/smartbugs-curated/full/denial_of_service.list_dos_sol_Government.hex,denial_of_service.list_dos_sol_Government.hex,achecker,runtime,2/27/2023,20241112_1802,1731405736,1.2119951248168945,0,Missing-AC-Check,,{},{}
/home/shuo/smartbugs-curated/full/access_control.incorrect_constructor_name1_sol_Missing.hex,access_control.incorrect_constructor_name1_sol_Missing.hex,achecker,runtime,2/27/2023,20241112_1802,1731405737,0.2946898937225342,0,Missing-AC-Check,,{},{}
/home/shuo/smartbugs-curated/full/unchecked_low_level_calls.0x3a0e9acd953ffc0dd18d63603488846a6b8b2b01_sol_TokenBank.hex,unchecked_low_level_calls.0x3a0e9acd953ffc0dd18d63603488846a6b8b2b01_sol_TokenBank.hex,achecker,runtime,2/27/2023,20241112_1802,1731405736,1.3213186264038086,0,Missing-AC-Check,,{},{}
/home/shuo/smartbugs-curated/full/denial_of_service.send_loop_sol_Refunder.hex,denial_of_service.send_loop_sol_Refunder.hex,achecker,runtime,2/27/2023,20241112_1802,1731405737,0.5266413688659668,0,Missing-AC-Check,,{},{}
/home/shuo/smartbugs-curated/full/reentrancy.reentrance_sol_Reentrance.hex,reentrancy.reentrance_sol_Reentrance.hex,achecker,runtime,2/27/2023,20241112_1802,1731405737,0.6041717529296875,0,Missing-AC-Check,,{},{}
/home/shuo/smartbugs-curated/full/access_control.rubixi_sol_Rubixi.hex,access_control.rubixi_sol_Rubixi.hex,achecker,runtime,2/27/2023,20241112_1802,1731405734,3.8415074348449707,0,Missing-AC-Check,,{},{}
/home/shuo/smartbugs-curated/full/unchecked_low_level_calls.0xb620cee6b52f96f3c6b253e6eea556aa2d214a99_sol_DrainMe.hex,unchecked_low_level_calls.0xb620cee6b52f96f3c6b253e6eea556aa2d214a99_sol_DrainMe.hex,achecker,runtime,2/27/2023,20241112_1802,1731405733,4.932254314422607,0,Missing-AC-Check,,{},{}
/home/shuo/smartbugs-curated/full/arithmetic.BECToken_sol_BecToken.hex,arithmetic.BECToken_sol_BecToken.hex,achecker,runtime,2/27/2023,20241112_1802,1731405735,3.007211208343506,0,Missing-AC-Check,,{},{}
/home/shuo/smartbugs-curated/full/unchecked_low_level_calls.0x84d9ec85c9c568eb332b7226a8f826d897e0a4a8_sol_WedIndex.hex,unchecked_low_level_calls.0x84d9ec85c9c568eb332b7226a8f826d897e0a4a8_sol_WedIndex.hex,achecker,runtime,2/27/2023,20241112_1802,1731405735,3.3651087284088135,0,Missing-AC-Check,,{},{}
/home/shuo/smartbugs-curated/full/denial_of_service.dos_number_sol_DosNumber.hex,denial_of_service.dos_number_sol_DosNumber.hex,achecker,runtime,2/27/2023,20241112_1802,1731405738,0.4406242370605469,0,Missing-AC-Check,,{},{}
/home/shuo/smartbugs-curated/full/unchecked_low_level_calls.0xf2570186500a46986f3139f65afedc2afe4f445d_sol_RealOldFuckMaker.hex,unchecked_low_level_calls.0xf2570186500a46986f3139f65afedc2afe4f445d_sol_RealOldFuckMaker.hex,achecker,runtime,2/27/2023,20241112_1802,1731405738,0.47868824005126953,0,Missing-AC-Check,,{},{}
/home/shuo/smartbugs-curated/full/unchecked_low_level_calls.0x663e4229142a27f00bafb5d087e1e730648314c3_sol_Ownable.hex,unchecked_low_level_calls.0x663e4229142a27f00bafb5d087e1e730648314c3_sol_Ownable.hex,achecker,runtime,2/27/2023,20241112_1802,1731405738,0.5002431869506836,0,Missing-AC-Check,,{},{}
/home/shuo/smartbugs-curated/full/reentrancy.spank_chain_payment_sol_ECTools.hex,reentrancy.spank_chain_payment_sol_ECTools.hex,achecker,runtime,2/27/2023,20241112_1802,1731405731,7.8045713901519775,0,Missing-AC-Check,,{},{}
/home/shuo/smartbugs-curated/full/reentrancy.modifier_reentrancy_sol_ModifierEntrancy.hex,reentrancy.modifier_reentrancy_sol_ModifierEntrancy.hex,achecker,runtime,2/27/2023,20241112_1802,1731405738,0.8762810230255127,0,Missing-AC-Check,,{},{}
/home/shuo/smartbugs-curated/full/unchecked_low_level_calls.0x19cf8481ea15427a98ba3cdd6d9e14690011ab10_sol_daoPOLSKAtokens.hex,unchecked_low_level_calls.0x19cf8481ea15427a98ba3cdd6d9e14690011ab10_sol_daoPOLSKAtokens.hex,achecker,runtime,2/27/2023,20241112_1802,1731405735,4.158313512802124,0,Missing-AC-Check,,{},{}
/home/shuo/smartbugs-curated/full/unchecked_low_level_calls.0x663e4229142a27f00bafb5d087e1e730648314c3_sol_SaleClockAuctionERC20.hex,unchecked_low_level_calls.0x663e4229142a27f00bafb5d087e1e730648314c3_sol_SaleClockAuctionERC20.hex,achecker,runtime,2/27/2023,20241112_1802,1731405737,2.7014026641845703,0,Missing-AC-Check,,{},{}
/home/shuo/smartbugs-curated/full/bad_randomness.etheraffle_sol_Ethraffle_v4b.hex,bad_randomness.etheraffle_sol_Ethraffle_v4b.hex,achecker,runtime,2/27/2023,20241112_1802,1731405740,1.5767874717712402,0,Missing-AC-Check,,{},{}
/home/shuo/smartbugs-curated/full/unchecked_low_level_calls.0x958a8f594101d2c0485a52319f29b2647f2ebc06_sol_Marriage.hex,unchecked_low_level_calls.0x958a8f594101d2c0485a52319f29b2647f2ebc06_sol_Marriage.hex,achecker,runtime,2/27/2023,20241112_1802,1731405729,14.432956457138062,0,Missing-AC-Check,,{},{}
/home/shuo/smartbugs-curated/full/bad_randomness.smart_billions_sol_SmartBillions.hex,bad_randomness.smart_billions_sol_SmartBillions.hex,achecker,runtime,2/27/2023,20241112_1802,1731405735,9.81475281715393,0,Missing-AC-Check,,{},{}
/home/shuo/smartbugs-curated/full/reentrancy.0xbaf51e761510c1a11bf48dd87c0307ac8a8c8a4f_sol_Log.hex,reentrancy.0xbaf51e761510c1a11bf48dd87c0307ac8a8c8a4f_sol_Log.hex,achecker,runtime,2/27/2023,20241112_1802,1731405745,0.7350349426269531,0,Missing-AC-Check,,{},{}
/home/shuo/smartbugs-curated/full/unchecked_low_level_calls.0x663e4229142a27f00bafb5d087e1e730648314c3_sol_PandaOwnership.hex,unchecked_low_level_calls.0x663e4229142a27f00bafb5d087e1e730648314c3_sol_PandaOwnership.hex,achecker,runtime,2/27/2023,20241112_1802,1731405743,2.897414445877075,0,Missing-AC-Check,,{},{}
/home/shuo/smartbugs-curated/full/unchecked_low_level_calls.0x806a6bd219f162442d992bdc4ee6eba1f2c5a707_sol_Pie.hex,unchecked_low_level_calls.0x806a6bd219f162442d992bdc4ee6eba1f2c5a707_sol_Pie.hex,achecker,runtime,2/27/2023,20241112_1802,1731405746,0.5464227199554443,0,Missing-AC-Check,,{},{}
/home/shuo/smartbugs-curated/full/unchecked_low_level_calls.0x89c1b3807d4c67df034fffb62f3509561218d30b_sol_TownCrier.hex,unchecked_low_level_calls.0x89c1b3807d4c67df034fffb62f3509561218d30b_sol_TownCrier.hex,achecker,runtime,2/27/2023,20241112_1806,1731405732,229.62740540504456,0,Missing-AC-Check,,{},{}
/home/shuo/smartbugs-curated/full/unchecked_low_level_calls.0x78c2a1e91b52bca4130b6ed9edd9fbcfd4671c37_sol_WhaleGiveaway1.hex,unchecked_low_level_calls.0x78c2a1e91b52bca4130b6ed9edd9fbcfd4671c37_sol_WhaleGiveaway1.hex,achecker,runtime,2/27/2023,20241112_1806,1731405962,0.3789939880371094,0,Missing-AC-Check,,{},{}
/home/shuo/smartbugs-curated/full/access_control.mapping_write_sol_Map.hex,access_control.mapping_write_sol_Map.hex,achecker,runtime,2/27/2023,20241112_1817,1731406679,0.47567105293273926,0,Missing-AC-Check,,{},{}
/home/shuo/smartbugs-curated/full/reentrancy.0x96edbe868531bd23a6c05e9d0c424ea64fb1b78b_sol_LogFile.hex,reentrancy.0x96edbe868531bd23a6c05e9d0c424ea64fb1b78b_sol_LogFile.hex,achecker,runtime,2/27/2023,20241112_1818,1731406679,1.3063585758209229,0,Missing-AC-Check,,{},{}
/home/shuo/smartbugs-curated/full/arithmetic.integer_overflow_multitx_multifunc_feasible_sol_IntegerOverflowMultiTxMultiFuncFeasible.hex,arithmetic.integer_overflow_multitx_multifunc_feasible_sol_IntegerOverflowMultiTxMultiFuncFeasible.hex,achecker,runtime,2/27/2023,20241112_1832,1731407531,0.7691059112548828,0,Missing-AC-Check,,{},{}
/home/shuo/smartbugs-curated/full/access_control.wallet_03_wrong_constructor_sol_Wallet.hex,access_control.wallet_03_wrong_constructor_sol_Wallet.hex,achecker,runtime,2/27/2023,20241112_1832,1731407532,0.40264201164245605,0,Missing-AC-Check,,{},{}
/home/shuo/smartbugs-curated/full/access_control.parity_wallet_bug_1_sol_Wallet.hex,access_control.parity_wallet_bug_1_sol_Wallet.hex,achecker,runtime,2/27/2023,20241112_1832,1731407532,0.839921236038208,0,Missing-AC-Check,,{},{}
/home/shuo/smartbugs-curated/full/unchecked_low_level_calls.0x9d06cbafa865037a01d322d3f4222fa3e04e5488_sol_Delta.hex,unchecked_low_level_calls.0x9d06cbafa865037a01d322d3f4222fa3e04e5488_sol_Delta.hex,achecker,runtime,2/27/2023,20241112_1832,1731407532,1.1898534297943115,0,Missing-AC-Check,,{},{}
/home/shuo/smartbugs-curated/full/arithmetic.insecure_transfer_sol_IntegerOverflowAdd.hex,arithmetic.insecure_transfer_sol_IntegerOverflowAdd.hex,achecker,runtime,2/27/2023,20241112_1832,1731407533,0.6372015476226807,0,Missing-AC-Check,,{},{}
/home/shuo/smartbugs-curated/full/unchecked_low_level_calls.0x70f9eddb3931491aab1aeafbc1e7f1ca2a012db4_sol_HomeyJar.hex,unchecked_low_level_calls.0x70f9eddb3931491aab1aeafbc1e7f1ca2a012db4_sol_HomeyJar.hex,achecker,runtime,2/27/2023,20241112_1832,1731407533,0.7234654426574707,0,Missing-AC-Check,,{},{}
/home/shuo/smartbugs-curated/full/arithmetic.BECToken_sol_Pausable.hex,arithmetic.BECToken_sol_Pausable.hex,achecker,runtime,2/27/2023,20241112_1832,1731407533,0.7855916023254395,0,Missing-AC-Check,,{},{}
/home/shuo/smartbugs-curated/full/unchecked_low_level_calls.0xe894d54dca59cb53fe9cbc5155093605c7068220_sol_airDrop.hex,unchecked_low_level_calls.0xe894d54dca59cb53fe9cbc5155093605c7068220_sol_airDrop.hex,achecker,runtime,2/27/2023,20241112_1832,1731407534,0.2854909896850586,0,Missing-AC-Check,,{},{}
